team_name,team_region,world_ranking,valve_ranking,avg_player_age,current_winstreak,winrate,map_winrates,coach_url,player_urls
NatusVincere,Europe,#2,#3,24.0,2,70.0,"{'Ancient': '71.4', 'Anubis': '57.1', 'Dust2': '66.7', 'Inferno': '50.0', 'Mirage': '57.1', 'Nuke': '50.0', 'Overpass': None, 'Train': None, 'Vertigo': None}",https://www.hltv.org/coach/472/b1ad3,"['https://www.hltv.org/player/9816/aleksib', 'https://www.hltv.org/player/14759/im', 'https://www.hltv.org/player/18987/b1t', 'https://www.hltv.org/player/20127/w0nderful', 'https://www.hltv.org/player/22673/makazze']"
Vitality,Europe,#1,#1,27.1,2,92.0,"{'Ancient': '100.0', 'Anubis': '75.0', 'Dust2': '93.3', 'Inferno': '87.5', 'Mirage': '78.6', 'Nuke': '80.0', 'Overpass': '88.9', 'Train': None, 'Vertigo': None}",https://www.hltv.org/coach/9086/xtqzzz,"['https://www.hltv.org/player/7322/apex', 'https://www.hltv.org/player/11816/ropz', 'https://www.hltv.org/player/11893/zywoo', 'https://www.hltv.org/player/16693/flamez', 'https://www.hltv.org/player/18462/mezii']"
Falcons,Europe,#4,#4,26.0,2,72.2,"{'Ancient': '75.0', 'Anubis': '100.0', 'Dust2': '46.2', 'Inferno': '40.0', 'Mirage': '75.0', 'Nuke': '75.0', 'Overpass': None, 'Train': None, 'Vertigo': None}",https://www.hltv.org/coach/21/zonic,"['https://www.hltv.org/player/429/karrigan', 'https://www.hltv.org/player/3741/niko', 'https://www.hltv.org/player/12018/teses', 'https://www.hltv.org/player/19230/m0nesy', 'https://www.hltv.org/player/24177/kyousuke']"
FURIA,Brazil,#3,#9,27.2,1,52.0,"{'Ancient': '0.0', 'Anubis': '50.0', 'Dust2': '60.0', 'Inferno': '63.6', 'Mirage': '47.1', 'Nuke': '44.4', 'Overpass': '55.6', 'Train': None, 'Vertigo': None}",https://www.hltv.org/coach/24267/sidde,"['https://www.hltv.org/player/2023/fallen', 'https://www.hltv.org/player/12553/yuurih', 'https://www.hltv.org/player/13915/yekindar', 'https://www.hltv.org/player/15631/kscerato', 'https://www.hltv.org/player/24144/molodoy']"
Aurora,Turkey,#6,#7,27.4,1,58.1,"{'Ancient': None, 'Anubis': '55.6', 'Dust2': '66.7', 'Inferno': '66.7', 'Mirage': '66.7', 'Nuke': '27.3', 'Overpass': '50.0', 'Train': None, 'Vertigo': None}",https://www.hltv.org/coach/2794/fabre,"['https://www.hltv.org/player/150/maj3r', 'https://www.hltv.org/player/7938/xantares', 'https://www.hltv.org/player/8574/woxic', 'https://www.hltv.org/player/20968/soulfly', 'https://www.hltv.org/player/21243/wicadia']"
Spirit,Russia,#5,#2,22.6,3,72.2,"{'Ancient': '75.0', 'Anubis': '50.0', 'Dust2': '80.0', 'Inferno': None, 'Mirage': '55.6', 'Nuke': '50.0', 'Overpass': '60.0', 'Train': None, 'Vertigo': None}",https://www.hltv.org/coach/2154/hally,"['https://www.hltv.org/player/16920/sh1ro', 'https://www.hltv.org/player/18317/magixx', 'https://www.hltv.org/player/19808/tn1r', 'https://www.hltv.org/player/20423/zont1x', 'https://www.hltv.org/player/21167/donk']"
TheMongolZ,Mongolia,#8,#6,21.9,0,58.6,"{'Ancient': '50.0', 'Anubis': None, 'Dust2': '50.0', 'Inferno': '66.7', 'Mirage': '50.0', 'Nuke': '70.0', 'Overpass': '40.0', 'Train': None, 'Vertigo': None}",https://www.hltv.org/coach/9243/maaraa,"['https://www.hltv.org/player/20194/blitz', 'https://www.hltv.org/player/20275/techno', 'https://www.hltv.org/player/21001/mzinho', 'https://www.hltv.org/player/21809/910', 'https://www.hltv.org/player/23402/cobrazera']"
PARIVISION,Russia,#7,#12,21.6,0,50.0,"{'Ancient': '70.0', 'Anubis': '50.0', 'Dust2': '63.6', 'Inferno': '46.7', 'Mirage': '27.8', 'Nuke': None, 'Overpass': '0.0', 'Train': None, 'Vertigo': None}",https://www.hltv.org/coach/1865/dastan,"['https://www.hltv.org/player/13776/jame', 'https://www.hltv.org/player/19235/belchonokk', 'https://www.hltv.org/player/22471/xielo', 'https://www.hltv.org/player/22929/nota', 'https://www.hltv.org/player/23685/zweih']"
FUT,Europe,#10,#10,19.4,0,59.3,"{'Ancient': '53.8', 'Anubis': '40.0', 'Dust2': '61.5', 'Inferno': None, 'Mirage': '63.2', 'Nuke': '42.9', 'Overpass': '58.3', 'Train': None, 'Vertigo': None}",https://www.hltv.org/coach/14202/coolio,"['https://www.hltv.org/player/20584/dem0n', 'https://www.hltv.org/player/20761/launx', 'https://www.hltv.org/player/22203/krabeni', 'https://www.hltv.org/player/22674/cmtry', 'https://www.hltv.org/player/23553/dziugss']"
Astralis,Denmark,#9,#8,24.2,0,60.0,"{'Ancient': '78.6', 'Anubis': None, 'Dust2': '33.3', 'Inferno': '66.7', 'Mirage': '50.0', 'Nuke': '66.7', 'Overpass': '50.0', 'Train': None, 'Vertigo': None}",https://www.hltv.org/coach/6124/ruggah,"['https://www.hltv.org/player/10096/hooxi', 'https://www.hltv.org/player/16726/phzy', 'https://www.hltv.org/player/17956/jabbi', 'https://www.hltv.org/player/20304/staehr', 'https://www.hltv.org/player/21217/ryu']"
G2,Europe,#12,#11,26.5,2,59.0,"{'Ancient': '82.4', 'Anubis': '28.6', 'Dust2': '54.2', 'Inferno': '50.0', 'Mirage': '50.0', 'Nuke': None, 'Overpass': '75.0', 'Train': None, 'Vertigo': None}",https://www.hltv.org/coach/7821/saw,"['https://www.hltv.org/player/3972/hunter', 'https://www.hltv.org/player/9436/nertz', 'https://www.hltv.org/player/19164/sunpayus', 'https://www.hltv.org/player/20447/heavygod', 'https://www.hltv.org/player/21062/matys']"
MOUZ,Europe,#11,#5,23.2,1,61.9,"{'Ancient': '40.0', 'Anubis': None, 'Dust2': '25.0', 'Inferno': '66.7', 'Mirage': '69.2', 'Nuke': '40.0', 'Overpass': '100.0', 'Train': None, 'Vertigo': None}",https://www.hltv.org/coach/9295/sycrone,"['https://www.hltv.org/player/18072/torzsi', 'https://www.hltv.org/player/18221/spinx', 'https://www.hltv.org/player/19206/jl', 'https://www.hltv.org/player/20312/xertion', 'https://www.hltv.org/player/24457/xelex']"
GamerLegion,Europe,#14,#13,24.6,2,69.6,"{'Ancient': '75.0', 'Anubis': '33.3', 'Dust2': None, 'Inferno': '60.0', 'Mirage': '57.1', 'Nuke': '85.7', 'Overpass': '66.7', 'Train': None, 'Vertigo': None}",https://www.hltv.org/coach/8325/imd,"['https://www.hltv.org/player/2553/snax', 'https://www.hltv.org/player/9278/rez', 'https://www.hltv.org/player/20301/tauson', 'https://www.hltv.org/player/22279/pr', 'https://www.hltv.org/player/23766/hypex']"
FaZe,Europe,#13,#22,,0,38.5,"{'Ancient': '27.3', 'Anubis': '0.0', 'Dust2': '60.0', 'Inferno': '0.0', 'Mirage': '54.5', 'Nuke': '70.0', 'Overpass': '50.0', 'Train': None, 'Vertigo': None}",https://www.hltv.org/coach/7264/enkay-j,"['https://www.hltv.org/player/9960/frozen', 'https://www.hltv.org/player/10394/twistzz', 'https://www.hltv.org/player/18053/broky', 'https://www.hltv.org/player/22383/jcobbb']"
9z,South America,#16,#14,24.7,3,81.8,"{'Ancient': '75.0', 'Anubis': '50.0', 'Dust2': '60.0', 'Inferno': '72.2', 'Mirage': '40.0', 'Nuke': '71.4', 'Overpass': '73.3', 'Train': None, 'Vertigo': None}",https://www.hltv.org/coach/555/bit,"['https://www.hltv.org/player/12092/max', 'https://www.hltv.org/player/14736/dgt', 'https://www.hltv.org/player/14737/meyern', 'https://www.hltv.org/player/20394/luchov', 'https://www.hltv.org/player/22613/huasopeek']"
3DMAX,France,#15,#20,25.8,0,50.0,"{'Ancient': '40.0', 'Anubis': '100.0', 'Dust2': '52.2', 'Inferno': '42.9', 'Mirage': None, 'Nuke': '60.0', 'Overpass': '28.6', 'Train': None, 'Vertigo': None}",https://www.hltv.org/coach/18731/wasink,"['https://www.hltv.org/player/13138/maka', 'https://www.hltv.org/player/13497/lucky', 'https://www.hltv.org/player/14176/misutaaa', 'https://www.hltv.org/player/19739/ex3rcice', 'https://www.hltv.org/player/21969/graviti']"
Legacy,Brazil,#18,#15,24.6,6,69.2,"{'Ancient': '61.5', 'Anubis': '50.0', 'Dust2': '61.1', 'Inferno': '58.3', 'Mirage': '83.3', 'Nuke': '55.6', 'Overpass': '75.0', 'Train': None, 'Vertigo': None}",https://www.hltv.org/coach/2530/adrrr,"['https://www.hltv.org/player/12521/art', 'https://www.hltv.org/player/15698/dumau', 'https://www.hltv.org/player/19045/latto', 'https://www.hltv.org/player/19686/n1ssim', 'https://www.hltv.org/player/22965/saadzin']"
B8,Ukraine,#17,#18,20.5,0,50.0,"{'Ancient': '66.7', 'Anubis': '0.0', 'Dust2': '46.2', 'Inferno': '33.3', 'Mirage': '61.9', 'Nuke': '33.3', 'Overpass': '42.9', 'Train': None, 'Vertigo': None}",https://www.hltv.org/coach/22458/maddened,"['https://www.hltv.org/player/20112/alex666', 'https://www.hltv.org/player/21708/npl', 'https://www.hltv.org/player/22842/kensizor', 'https://www.hltv.org/player/23643/esenthial', 'https://www.hltv.org/player/25619/s1zzi']"
Monte,Europe,#19,#19,23.9,0,62.1,"{'Ancient': '50.0', 'Anubis': '83.3', 'Dust2': '65.2', 'Inferno': '60.0', 'Mirage': '55.6', 'Nuke': '53.3', 'Overpass': '0.0', 'Train': None, 'Vertigo': None}",https://www.hltv.org/coach/2335/kakafu,"['https://www.hltv.org/player/17145/rainwaker', 'https://www.hltv.org/player/19015/bymas', 'https://www.hltv.org/player/19926/afro', 'https://www.hltv.org/player/21816/gizmy', 'https://www.hltv.org/player/22106/azuwu']"
HEROIC,Sweden,#20,#21,21.5,0,51.5,"{'Ancient': '50.0', 'Anubis': None, 'Dust2': '58.8', 'Inferno': '46.2', 'Mirage': '41.7', 'Nuke': '64.7', 'Overpass': '42.9', 'Train': None, 'Vertigo': None}",https://www.hltv.org/coach/3820/tobiz,"['https://www.hltv.org/player/19187/xfl0ud', 'https://www.hltv.org/player/20119/nilo', 'https://www.hltv.org/player/21163/susp', 'https://www.hltv.org/player/21983/chr1zn', 'https://www.hltv.org/player/22047/yxngstxr']"
M80,United States,#21,#30,24.5,0,63.0,"{'Ancient': '28.6', 'Anubis': '50.0', 'Dust2': '60.0', 'Inferno': '71.4', 'Mirage': '64.3', 'Nuke': None, 'Overpass': '80.0', 'Train': None, 'Vertigo': None}",https://www.hltv.org/coach/7873/dephh,"['https://www.hltv.org/player/15370/slaxz', 'https://www.hltv.org/player/16599/swisher', 'https://www.hltv.org/player/20104/s1n', 'https://www.hltv.org/player/21665/jba', 'https://www.hltv.org/player/22921/lake']"
BetBoom,Russia,#22,#17,24.7,3,70.0,"{'Ancient': '58.3', 'Anubis': '70.0', 'Dust2': '77.8', 'Inferno': None, 'Mirage': '53.8', 'Nuke': '69.2', 'Overpass': '57.1', 'Train': None, 'Vertigo': None}",https://www.hltv.org/coach/1084/fierce,"['https://www.hltv.org/player/11840/boombl4', 'https://www.hltv.org/player/15662/zorte', 'https://www.hltv.org/player/18506/s1ren', 'https://www.hltv.org/player/20357/d1ledez', 'https://www.hltv.org/player/21667/magnojez']"
TYLOO,China,#23,#34,22.7,0,77.8,"{'Ancient': '50.0', 'Anubis': '0.0', 'Dust2': None, 'Inferno': '72.7', 'Mirage': '88.9', 'Nuke': '77.8', 'Overpass': '80.0', 'Train': None, 'Vertigo': None}",https://www.hltv.org/coach/8601/zhoking,"['https://www.hltv.org/player/19645/jamyoung', 'https://www.hltv.org/player/20702/jee', 'https://www.hltv.org/player/20895/mercury', 'https://www.hltv.org/player/21621/moseyuh', 'https://www.hltv.org/player/24857/zero']"
Liquid,North America,#24,#44,25.4,0,37.5,"{'Ancient': '28.6', 'Anubis': '50.0', 'Dust2': '40.0', 'Inferno': '50.0', 'Mirage': '50.0', 'Nuke': '20.0', 'Overpass': None, 'Train': None, 'Vertigo': None}",https://www.hltv.org/coach/5440/flashie,"['https://www.hltv.org/player/8520/naf', 'https://www.hltv.org/player/8738/elige', 'https://www.hltv.org/player/11617/malbsmd', 'https://www.hltv.org/player/16820/siuhy', 'https://www.hltv.org/player/21763/ultimate']"
Alliance,Sweden,#25,#29,23.8,0,71.4,"{'Ancient': '50.0', 'Anubis': '73.9', 'Dust2': '90.0', 'Inferno': '59.1', 'Mirage': None, 'Nuke': '38.5', 'Overpass': '68.8', 'Train': None, 'Vertigo': None}",https://www.hltv.org/coach/21040/hawk,"['https://www.hltv.org/player/7443/twist', 'https://www.hltv.org/player/16487/eraa', 'https://www.hltv.org/player/22760/upe', 'https://www.hltv.org/player/22860/avid', 'https://www.hltv.org/player/24083/mail09']"
NRG,United States,#27,#37,26.9,0,26.7,"{'Ancient': '42.9', 'Anubis': '0.0', 'Dust2': '0.0', 'Inferno': '50.0', 'Mirage': '66.7', 'Nuke': '14.3', 'Overpass': '0.0', 'Train': None, 'Vertigo': None}",https://www.hltv.org/coach/8521/daps,"['https://www.hltv.org/player/7687/nitr0', 'https://www.hltv.org/player/8711/sonic', 'https://www.hltv.org/player/13249/osee', 'https://www.hltv.org/player/13578/grim', 'https://www.hltv.org/player/16717/br0']"
MIBR,Brazil,#26,#28,22.1,0,68.8,"{'Ancient': '66.7', 'Anubis': '80.0', 'Dust2': None, 'Inferno': '85.7', 'Mirage': '71.4', 'Nuke': '50.0', 'Overpass': '50.0', 'Train': None, 'Vertigo': None}",https://www.hltv.org/coach/4216/letn1,"['https://www.hltv.org/player/19310/lnz', 'https://www.hltv.org/player/20987/brnz4n', 'https://www.hltv.org/player/21037/insani', 'https://www.hltv.org/player/21288/venomzera', 'https://www.hltv.org/player/23192/kl1m']"
EYEBALLERS,Sweden,#29,#32,24.4,1,56.7,"{'Ancient': '60.0', 'Anubis': '42.9', 'Dust2': '33.3', 'Inferno': '37.5', 'Mirage': '61.1', 'Nuke': '71.4', 'Overpass': '50.0', 'Train': None, 'Vertigo': None}",https://www.hltv.org/coach/434/pita,"['https://www.hltv.org/player/3849/jw', 'https://www.hltv.org/player/20879/maxster', 'https://www.hltv.org/player/21012/ro1f', 'https://www.hltv.org/player/21159/bobeksde', 'https://www.hltv.org/player/22914/dex']"
GentleMates,Spain,#28,#27,27.3,0,54.2,"{'Ancient': '72.7', 'Anubis': '66.7', 'Dust2': None, 'Inferno': '69.2', 'Mirage': '36.4', 'Nuke': '50.0', 'Overpass': '40.0', 'Train': None, 'Vertigo': None}",https://www.hltv.org/coach/26264/repk3ys,"['https://www.hltv.org/player/8371/alex', 'https://www.hltv.org/player/9254/mopoz', 'https://www.hltv.org/player/18749/sausol', 'https://www.hltv.org/player/19509/dav1g', 'https://www.hltv.org/player/21239/martinezsa']"
SINNERS,Europe,#31,#26,24.7,0,62.2,"{'Ancient': '80.0', 'Anubis': None, 'Dust2': '41.7', 'Inferno': '33.3', 'Mirage': '61.1', 'Nuke': '50.0', 'Overpass': '72.7', 'Train': None, 'Vertigo': None}",https://www.hltv.org/coach/21471/bfull,"['https://www.hltv.org/player/11199/beastik', 'https://www.hltv.org/player/12810/shock', 'https://www.hltv.org/player/21113/modo', 'https://www.hltv.org/player/23295/kisserek', 'https://www.hltv.org/player/23459/stressarn']"
BIG,Germany,#30,#23,26.6,0,73.5,"{'Ancient': '62.5', 'Anubis': '57.1', 'Dust2': '50.0', 'Inferno': '85.7', 'Mirage': '75.0', 'Nuke': '70.0', 'Overpass': '70.0', 'Train': None, 'Vertigo': None}",https://www.hltv.org/coach/8801/xenn,"['https://www.hltv.org/player/5794/tabsen', 'https://www.hltv.org/player/14929/jdc', 'https://www.hltv.org/player/14932/faven', 'https://www.hltv.org/player/15165/blamef', 'https://www.hltv.org/player/22884/gr1ks']"
HOTU,Russia,#33,,,1,58.6,"{'Ancient': '40.0', 'Anubis': '100.0', 'Dust2': '56.2', 'Inferno': None, 'Mirage': '75.0', 'Nuke': '40.0', 'Overpass': '50.0', 'Train': None, 'Vertigo': None}",https://www.hltv.org/coach/964/mou,"['https://www.hltv.org/player/16612/n0rb3r7', 'https://www.hltv.org/player/18752/kade0', 'https://www.hltv.org/player/21385/mizu', 'https://www.hltv.org/player/24806/frontales']"
PassionUA,Other,#35,#48,24.8,0,40.0,"{'Ancient': None, 'Anubis': '33.3', 'Dust2': '66.7', 'Inferno': '63.6', 'Mirage': '31.2', 'Nuke': '36.4', 'Overpass': '40.0', 'Train': None, 'Vertigo': None}",https://www.hltv.org/coach/8447/tc,"['https://www.hltv.org/player/11630/jt', 'https://www.hltv.org/player/12731/sdy', 'https://www.hltv.org/player/19869/try', 'https://www.hltv.org/player/21452/kvem', 'https://www.hltv.org/player/21620/nicx']"
paiN,Brazil,#32,#16,26.1,0,62.5,"{'Ancient': None, 'Anubis': '60.0', 'Dust2': '30.8', 'Inferno': '55.6', 'Mirage': '58.3', 'Nuke': '88.2', 'Overpass': '16.7', 'Train': None, 'Vertigo': None}",https://www.hltv.org/coach/5738/rikz,"['https://www.hltv.org/player/16816/vsm', 'https://www.hltv.org/player/18141/biguzera', 'https://www.hltv.org/player/18714/piriajr', 'https://www.hltv.org/player/18835/saffee', 'https://www.hltv.org/player/20171/snow']"
FOKUS,Europe,#37,#36,22.1,0,63.3,"{'Ancient': '85.7', 'Anubis': None, 'Dust2': '27.3', 'Inferno': '66.7', 'Mirage': '58.3', 'Nuke': '54.5', 'Overpass': '75.0', 'Train': None, 'Vertigo': None}",https://www.hltv.org/coach/162/kuben,"['https://www.hltv.org/player/16486/ztr', 'https://www.hltv.org/player/20358/volt', 'https://www.hltv.org/player/20625/banjo', 'https://www.hltv.org/player/24203/jorko', 'https://www.hltv.org/player/24332/matheos']"
NinjasinPyjamas,Denmark,#34,#25,26.1,0,50.0,"{'Ancient': '40.0', 'Anubis': '50.0', 'Dust2': '45.5', 'Inferno': None, 'Mirage': '33.3', 'Nuke': '80.0', 'Overpass': '50.0', 'Train': None, 'Vertigo': None}",https://www.hltv.org/coach/884/xizt,"['https://www.hltv.org/player/922/snappi', 'https://www.hltv.org/player/10994/stavn', 'https://www.hltv.org/player/14148/sjuush', 'https://www.hltv.org/player/23372/xkacpersky', 'https://www.hltv.org/player/24283/cairne']"
BESTIA,Argentina,#36,#41,22.8,0,60.0,"{'Ancient': '43.8', 'Anubis': None, 'Dust2': '58.3', 'Inferno': '44.4', 'Mirage': '58.8', 'Nuke': '100.0', 'Overpass': '66.7', 'Train': None, 'Vertigo': None}",https://www.hltv.org/coach/23467/sharpy,"['https://www.hltv.org/player/19985/nacho', 'https://www.hltv.org/player/20185/cass1n', 'https://www.hltv.org/player/20607/buda', 'https://www.hltv.org/player/22570/tomaszin', 'https://www.hltv.org/player/24863/timo']"
InnerCircle,Ukraine,#39,#60,21.5,0,50.0,"{'Ancient': '56.2', 'Anubis': '42.9', 'Dust2': '62.5', 'Inferno': None, 'Mirage': '46.2', 'Nuke': '33.3', 'Overpass': '75.0', 'Train': None, 'Vertigo': None}",https://www.hltv.org/coach/8786/jr,"['https://www.hltv.org/player/16147/cptkurtka023', 'https://www.hltv.org/player/19592/headtr1ck', 'https://www.hltv.org/player/23415/zerrofix', 'https://www.hltv.org/player/24168/onic', 'https://www.hltv.org/player/24282/dawy']"
Wildcard,North America,#41,#31,25.2,0,58.6,"{'Ancient': None, 'Anubis': '50.0', 'Dust2': '53.3', 'Inferno': '33.3', 'Mirage': '60.0', 'Nuke': '66.7', 'Overpass': '75.0', 'Train': None, 'Vertigo': None}",https://www.hltv.org/coach/15208/splawik,"['https://www.hltv.org/player/8311/nemanha', 'https://www.hltv.org/player/16847/mhl', 'https://www.hltv.org/player/17353/cxzi', 'https://www.hltv.org/player/17378/reck', 'https://www.hltv.org/player/18838/hext']"
GaiminGladiators,Brazil,#43,#42,30.7,0,55.0,"{'Ancient': '62.5', 'Anubis': '0.0', 'Dust2': '46.7', 'Inferno': '60.0', 'Mirage': None, 'Nuke': '33.3', 'Overpass': '100.0', 'Train': None, 'Vertigo': None}",https://www.hltv.org/coach/11332/horvy,"['https://www.hltv.org/player/8564/fer', 'https://www.hltv.org/player/8565/hen1', 'https://www.hltv.org/player/9482/nekiz', 'https://www.hltv.org/player/15914/luken', 'https://www.hltv.org/player/17861/jota']"
Sashi,Denmark,#38,#56,24.3,1,59.5,"{'Ancient': '58.3', 'Anubis': '66.7', 'Dust2': '50.0', 'Inferno': '75.0', 'Mirage': '25.0', 'Nuke': '52.9', 'Overpass': '63.6', 'Train': None, 'Vertigo': None}",https://www.hltv.org/coach/7415/hunden,"['https://www.hltv.org/player/10330/acor', 'https://www.hltv.org/player/16723/cabbi', 'https://www.hltv.org/player/20090/zyphon', 'https://www.hltv.org/player/21199/mistr', 'https://www.hltv.org/player/23338/beccie']"
BC.Game,Europe,#45,#95,,0,29.4,"{'Ancient': '0.0', 'Anubis': '0.0', 'Dust2': '20.0', 'Inferno': '0.0', 'Mirage': '0.0', 'Nuke': '57.1', 'Overpass': '60.0', 'Train': None, 'Vertigo': None}",https://www.hltv.org/coach/161/taz,"['https://www.hltv.org/player/7998/s1mple', 'https://www.hltv.org/player/8918/electronic', 'https://www.hltv.org/player/20903/senzu', 'https://www.hltv.org/player/23140/krazy']"
magic,Europe,#40,#24,21.6,3,64.3,"{'Ancient': '53.8', 'Anubis': '71.4', 'Dust2': '64.3', 'Inferno': '62.5', 'Mirage': '70.6', 'Nuke': None, 'Overpass': '50.0', 'Train': None, 'Vertigo': None}",https://www.hltv.org/coach/22074/eksiver,"['https://www.hltv.org/player/19874/masval', 'https://www.hltv.org/player/22075/sfade8', 'https://www.hltv.org/player/22076/aw', 'https://www.hltv.org/player/23858/mo0n', 'https://www.hltv.org/player/24173/tenzy']"
Tricked,Denmark,#47,#53,22.7,3,57.6,"{'Ancient': '50.0', 'Anubis': '60.0', 'Dust2': None, 'Inferno': '50.0', 'Mirage': '53.3', 'Nuke': '46.7', 'Overpass': '80.0', 'Train': None, 'Vertigo': None}",https://www.hltv.org/coach/7150/rejin,"['https://www.hltv.org/player/16731/iceberg', 'https://www.hltv.org/player/21379/salazar', 'https://www.hltv.org/player/21571/leakz', 'https://www.hltv.org/player/21574/boye', 'https://www.hltv.org/player/24104/nickyb']"
ShindeN,Argentina,#49,#57,23.1,0,71.8,"{'Ancient': '50.0', 'Anubis': None, 'Dust2': '65.0', 'Inferno': '81.2', 'Mirage': '57.1', 'Nuke': '70.8', 'Overpass': '42.9', 'Train': None, 'Vertigo': None}",https://www.hltv.org/coach/21226/rugo,"['https://www.hltv.org/player/18554/tom1jed', 'https://www.hltv.org/player/20451/abizz', 'https://www.hltv.org/player/20992/ivz', 'https://www.hltv.org/player/21155/naz', 'https://www.hltv.org/player/24749/guty']"
fnatic,Ukraine,#42,#81,23.4,1,48.3,"{'Ancient': '53.3', 'Anubis': '63.6', 'Dust2': '42.9', 'Inferno': '66.7', 'Mirage': '50.0', 'Nuke': None, 'Overpass': '37.5', 'Train': None, 'Vertigo': None}",https://www.hltv.org/coach/9363/independent,"['https://www.hltv.org/player/7528/krimz', 'https://www.hltv.org/player/17803/fear', 'https://www.hltv.org/player/23046/jambo', 'https://www.hltv.org/player/23414/jackasmo', 'https://www.hltv.org/player/24914/br4tko']"
Walczaki,Poland,#44,#46,25.3,0,80.0,"{'Ancient': '81.8', 'Anubis': '80.0', 'Dust2': '60.0', 'Inferno': '60.0', 'Mirage': '66.7', 'Nuke': '80.0', 'Overpass': '0.0', 'Train': None, 'Vertigo': None}",,"['https://www.hltv.org/player/15203/reiko', 'https://www.hltv.org/player/20245/samey', 'https://www.hltv.org/player/20958/bajmi', 'https://www.hltv.org/player/21263/olimp', 'https://www.hltv.org/player/22703/moonwalk']"
Voca,United States,#51,#50,25.6,2,67.4,"{'Ancient': '64.3', 'Anubis': '33.3', 'Dust2': '63.6', 'Inferno': '33.3', 'Mirage': '71.4', 'Nuke': '75.0', 'Overpass': '62.5', 'Train': None, 'Vertigo': None}",https://www.hltv.org/coach/1915/semphis,"['https://www.hltv.org/player/14494/junior', 'https://www.hltv.org/player/14619/infinite', 'https://www.hltv.org/player/17918/nosrac', 'https://www.hltv.org/player/19711/snav', 'https://www.hltv.org/player/20333/jeorge']"
K27,Russia,#53,#43,20.6,0,64.3,"{'Ancient': '58.8', 'Anubis': '66.7', 'Dust2': '56.7', 'Inferno': None, 'Mirage': '73.7', 'Nuke': '63.2', 'Overpass': '23.1', 'Train': None, 'Vertigo': None}",https://www.hltv.org/coach/8294/balblna,"['https://www.hltv.org/player/19575/x5g7v', 'https://www.hltv.org/player/20101/fame', 'https://www.hltv.org/player/22886/xeedo', 'https://www.hltv.org/player/23686/kashl1d', 'https://www.hltv.org/player/24725/qw1nk1']"
LynnVision,China,#46,#38,22.8,14,83.3,"{'Ancient': '75.0', 'Anubis': '50.0', 'Dust2': '86.7', 'Inferno': '100.0', 'Mirage': None, 'Nuke': '80.0', 'Overpass': '50.0', 'Train': None, 'Vertigo': None}",https://www.hltv.org/coach/24028/gum,"['https://www.hltv.org/player/16551/westmelon', 'https://www.hltv.org/player/18744/z4kr', 'https://www.hltv.org/player/20254/starry', 'https://www.hltv.org/player/22922/emiliaqaq', 'https://www.hltv.org/player/23100/c4llm3su3']"
FisherCollege,Europe,#48,#98,24.3,0,66.7,"{'Ancient': '57.9', 'Anubis': '100.0', 'Dust2': None, 'Inferno': '46.2', 'Mirage': '64.3', 'Nuke': '72.2', 'Overpass': '55.6', 'Train': None, 'Vertigo': None}",,"['https://www.hltv.org/player/12793/th0r', 'https://www.hltv.org/player/13298/aleks', 'https://www.hltv.org/player/19602/refuzr', 'https://www.hltv.org/player/20429/crepow', 'https://www.hltv.org/player/22137/corn']"
Nemesis,Russia,#55,#33,21.2,0,70.0,"{'Ancient': '68.0', 'Anubis': None, 'Dust2': '54.5', 'Inferno': '66.7', 'Mirage': '66.7', 'Nuke': '68.0', 'Overpass': '77.8', 'Train': None, 'Vertigo': None}",https://www.hltv.org/coach/20200/nmv,"['https://www.hltv.org/player/18670/sellter', 'https://www.hltv.org/player/20709/r3salt', 'https://www.hltv.org/player/22536/mag1k3y', 'https://www.hltv.org/player/22930/tex1y', 'https://www.hltv.org/player/23047/sdaim']"
FlyQuest,Australia,#57,#70,25.3,0,58.8,"{'Ancient': '33.3', 'Anubis': '90.0', 'Dust2': '70.0', 'Inferno': '50.0', 'Mirage': '60.0', 'Nuke': '33.3', 'Overpass': '0.0', 'Train': None, 'Vertigo': None}",https://www.hltv.org/coach/8082/azr,"['https://www.hltv.org/player/4679/jks', 'https://www.hltv.org/player/11140/ins', 'https://www.hltv.org/player/17384/vexite', 'https://www.hltv.org/player/18214/nettik', 'https://www.hltv.org/player/20462/story']"
Sharks,Brazil,#50,#40,23.1,3,73.9,"{'Ancient': '44.4', 'Anubis': '100.0', 'Dust2': None, 'Inferno': '66.7', 'Mirage': '55.6', 'Nuke': '87.5', 'Overpass': '42.9', 'Train': None, 'Vertigo': None}",https://www.hltv.org/coach/628/coachi,"['https://www.hltv.org/player/20558/gafolo', 'https://www.hltv.org/player/21170/koala', 'https://www.hltv.org/player/21221/maxxkor', 'https://www.hltv.org/player/21921/rdnzao', 'https://www.hltv.org/player/22911/doc']"
Imperial,Brazil,#52,#66,23.9,0,63.9,"{'Ancient': None, 'Anubis': '71.4', 'Dust2': '63.6', 'Inferno': '50.0', 'Mirage': '50.0', 'Nuke': '64.3', 'Overpass': '66.7', 'Train': None, 'Vertigo': None}",https://www.hltv.org/coach/7384/zakk,"['https://www.hltv.org/player/10566/chelo', 'https://www.hltv.org/player/12822/vini', 'https://www.hltv.org/player/20183/decenty', 'https://www.hltv.org/player/22371/levi', 'https://www.hltv.org/player/22564/noway']"
100Thieves,Europe,#59,#45,24.9,0,67.6,"{'Ancient': '63.2', 'Anubis': '40.0', 'Dust2': '60.0', 'Inferno': '71.4', 'Mirage': '57.1', 'Nuke': '62.5', 'Overpass': '66.7', 'Train': None, 'Vertigo': None}",https://www.hltv.org/coach/7412/gla1ve,"['https://www.hltv.org/player/7592/device', 'https://www.hltv.org/player/8183/rain', 'https://www.hltv.org/player/21014/ag1l', 'https://www.hltv.org/player/22695/sirah', 'https://www.hltv.org/player/23397/poiii']"
Lavked,Russia,#61,#79,22.5,4,66.0,"{'Ancient': '82.4', 'Anubis': '0.0', 'Dust2': '50.0', 'Inferno': '22.2', 'Mirage': '74.2', 'Nuke': '68.8', 'Overpass': '40.0', 'Train': None, 'Vertigo': None}",https://www.hltv.org/coach/24476/l1nkero,"['https://www.hltv.org/player/20199/sol', 'https://www.hltv.org/player/21369/1nvisiblee', 'https://www.hltv.org/player/24114/xm1nd', 'https://www.hltv.org/player/24171/djon8', 'https://www.hltv.org/player/24818/k4nfuz']"
LazerCats,Ukraine,#63,#133,,0,44.0,"{'Ancient': '80.0', 'Anubis': '25.0', 'Dust2': '23.1', 'Inferno': '33.3', 'Mirage': '37.5', 'Nuke': '25.0', 'Overpass': None, 'Train': None, 'Vertigo': None}",https://www.hltv.org/coach/24085/monarrrh,"['https://www.hltv.org/player/22706/yab0ku', 'https://www.hltv.org/player/23151/nikitea', 'https://www.hltv.org/player/23589/magic', 'https://www.hltv.org/player/24204/kiy0o']"
LP,Brazil,#65,#99,23.9,4,56.8,"{'Ancient': '66.7', 'Anubis': None, 'Dust2': '59.1', 'Inferno': '66.7', 'Mirage': '28.6', 'Nuke': '68.8', 'Overpass': '60.0', 'Train': None, 'Vertigo': None}",https://www.hltv.org/coach/17552/disturbed,"['https://www.hltv.org/player/14010/zmb', 'https://www.hltv.org/player/17132/leomonster', 'https://www.hltv.org/player/20521/alisson', 'https://www.hltv.org/player/21284/happ', 'https://www.hltv.org/player/23550/divine']"
INFINITE,Europe,#54,#51,25.0,9,71.4,"{'Ancient': '83.3', 'Anubis': '100.0', 'Dust2': '71.4', 'Inferno': '60.0', 'Mirage': '75.0', 'Nuke': '50.0', 'Overpass': '100.0', 'Train': None, 'Vertigo': None}",https://www.hltv.org/coach/20068/tionix,"['https://www.hltv.org/player/9911/kreaz', 'https://www.hltv.org/player/12945/blytz', 'https://www.hltv.org/player/19171/mhn1', 'https://www.hltv.org/player/19815/dytor', 'https://www.hltv.org/player/20870/sl3nd']"
Nemiga,Europe,#56,#35,21.8,1,71.1,"{'Ancient': '71.4', 'Anubis': '64.7', 'Dust2': '50.0', 'Inferno': '100.0', 'Mirage': '50.0', 'Nuke': '56.2', 'Overpass': '81.8', 'Train': None, 'Vertigo': None}",https://www.hltv.org/coach/13976/box,"['https://www.hltv.org/player/19920/kair0n', 'https://www.hltv.org/player/21266/1eer', 'https://www.hltv.org/player/22325/sowalio', 'https://www.hltv.org/player/23317/khan', 'https://www.hltv.org/player/23319/syph0']"
1win,Russia,#67,#55,22.1,0,60.7,"{'Ancient': '46.2', 'Anubis': '50.0', 'Dust2': '61.9', 'Inferno': '75.0', 'Mirage': '66.7', 'Nuke': None, 'Overpass': '75.0', 'Train': None, 'Vertigo': None}",https://www.hltv.org/coach/7951/cau,"['https://www.hltv.org/player/13239/qikert', 'https://www.hltv.org/player/20700/lattykk', 'https://www.hltv.org/player/23477/reyoz', 'https://www.hltv.org/player/23770/cronuss', 'https://www.hltv.org/player/23771/oz1k']"
Sangal,Europe,#69,#91,,4,53.8,"{'Ancient': '42.9', 'Anubis': '33.3', 'Dust2': '37.5', 'Inferno': '62.5', 'Mirage': '61.5', 'Nuke': '62.5', 'Overpass': '0.0', 'Train': None, 'Vertigo': None}",https://www.hltv.org/coach/153/jumpy,"['https://www.hltv.org/player/12004/clax', 'https://www.hltv.org/player/19673/patsi', 'https://www.hltv.org/player/21139/pr1metapz', 'https://www.hltv.org/player/25110/r4dyx']"
KOLESIE,Poland,#71,#93,24.7,0,51.4,"{'Ancient': '63.2', 'Anubis': '45.5', 'Dust2': '37.5', 'Inferno': None, 'Mirage': '50.0', 'Nuke': '73.3', 'Overpass': '25.0', 'Train': None, 'Vertigo': None}",https://www.hltv.org/coach/973/szpero,"['https://www.hltv.org/player/3669/innocent', 'https://www.hltv.org/player/20018/fr3nd', 'https://www.hltv.org/player/20637/b1elany', 'https://www.hltv.org/player/20960/ex1st', 'https://www.hltv.org/player/22473/qlocuu']"
JohnnySpeeds,Sweden,#58,#68,26.5,2,51.1,"{'Ancient': '60.0', 'Anubis': '14.3', 'Dust2': '33.3', 'Inferno': '40.0', 'Mirage': '55.6', 'Nuke': '20.0', 'Overpass': '84.6', 'Train': None, 'Vertigo': None}",https://www.hltv.org/coach/7148/friberg,"['https://www.hltv.org/player/9261/lekr0', 'https://www.hltv.org/player/13670/nawwk', 'https://www.hltv.org/player/15569/sapec', 'https://www.hltv.org/player/16029/heap', 'https://www.hltv.org/player/22759/jocab']"
Acend,Bulgaria,#60,#75,25.3,0,58.5,"{'Ancient': '55.6', 'Anubis': '100.0', 'Dust2': '23.5', 'Inferno': '78.6', 'Mirage': '52.6', 'Nuke': None, 'Overpass': '33.3', 'Train': None, 'Vertigo': None}",https://www.hltv.org/coach/20388/milky,"['https://www.hltv.org/player/11217/spellan', 'https://www.hltv.org/player/15369/redstar', 'https://www.hltv.org/player/15385/kaluber', 'https://www.hltv.org/player/20097/h4rn', 'https://www.hltv.org/player/21657/skrimo']"
9INE,Denmark,#73,#86,,0,43.3,"{'Ancient': '80.0', 'Anubis': '50.0', 'Dust2': '25.0', 'Inferno': '20.0', 'Mirage': None, 'Nuke': '80.0', 'Overpass': '60.0', 'Train': None, 'Vertigo': None}",https://www.hltv.org/coach/921/berry,"['https://www.hltv.org/player/2898/raalz', 'https://www.hltv.org/player/20300/kraghen', 'https://www.hltv.org/player/21715/flayy']"
CYBERSHOKE,Russia,#75,#64,22.4,0,54.5,"{'Ancient': '73.3', 'Anubis': '50.0', 'Dust2': '57.1', 'Inferno': None, 'Mirage': '41.2', 'Nuke': '66.7', 'Overpass': '0.0', 'Train': None, 'Vertigo': None}",https://www.hltv.org/coach/3499/pixel,"['https://www.hltv.org/player/17508/glowiing', 'https://www.hltv.org/player/20430/alpha', 'https://www.hltv.org/player/22803/bl1x1', 'https://www.hltv.org/player/24176/mokuj1n', 'https://www.hltv.org/player/24569/fluffy']"
OG,Europe,#62,#78,26.0,0,50.0,"{'Ancient': '50.0', 'Anubis': None, 'Dust2': '40.0', 'Inferno': '80.0', 'Mirage': None, 'Nuke': '33.3', 'Overpass': '50.0', 'Train': None, 'Vertigo': None}",https://www.hltv.org/coach/8047/lambert,"['https://www.hltv.org/player/7964/cadian', 'https://www.hltv.org/player/8374/bodyy', 'https://www.hltv.org/player/19064/spooke', 'https://www.hltv.org/player/20465/arrozdoce', 'https://www.hltv.org/player/20878/adamb']"
INOXDivision,Russia,#64,#77,22.5,0,79.2,"{'Ancient': '75.0', 'Anubis': '75.0', 'Dust2': '78.6', 'Inferno': '70.0', 'Mirage': None, 'Nuke': '64.3', 'Overpass': '66.7', 'Train': None, 'Vertigo': None}",https://www.hltv.org/coach/25799/iqlity,"['https://www.hltv.org/player/22430/k0s', 'https://www.hltv.org/player/22879/fenomen', 'https://www.hltv.org/player/22883/k1slll', 'https://www.hltv.org/player/22961/finw', 'https://www.hltv.org/player/25423/gooddeph']"
BET-M,Russia,#77,#62,25.0,0,55.2,"{'Ancient': '23.1', 'Anubis': '66.7', 'Dust2': '61.1', 'Inferno': '50.0', 'Mirage': '66.7', 'Nuke': '78.6', 'Overpass': None, 'Train': None, 'Vertigo': None}",https://www.hltv.org/coach/2638/wierd-1k,"['https://www.hltv.org/player/3459/kinqie', 'https://www.hltv.org/player/20534/kiro', 'https://www.hltv.org/player/22040/z1nny', 'https://www.hltv.org/player/22927/executor', 'https://www.hltv.org/player/23302/bluewh1te']"
Galorys,Brazil,#79,#97,25.0,2,54.8,"{'Ancient': '61.1', 'Anubis': '50.0', 'Dust2': '43.8', 'Inferno': None, 'Mirage': '46.7', 'Nuke': '50.0', 'Overpass': '60.9', 'Train': None, 'Vertigo': None}",https://www.hltv.org/coach/11747/jnt,"['https://www.hltv.org/player/9483/destiny', 'https://www.hltv.org/player/18743/nython', 'https://www.hltv.org/player/20522/gbb', 'https://www.hltv.org/player/23551/tomate', 'https://www.hltv.org/player/24715/k1not1']"
BASEMENTBOYS,Ukraine,#81,#124,22.3,0,43.3,"{'Ancient': '50.0', 'Anubis': '57.1', 'Dust2': '46.2', 'Inferno': '28.6', 'Mirage': '40.0', 'Nuke': '53.3', 'Overpass': '0.0', 'Train': None, 'Vertigo': None}",https://www.hltv.org/coach/20904/vital,"['https://www.hltv.org/player/20421/kr1vda', 'https://www.hltv.org/player/20422/owner', 'https://www.hltv.org/player/22945/tr0uble', 'https://www.hltv.org/player/24246/maggent', 'https://www.hltv.org/player/24672/fakerealityy']"
TheHuns,Mongolia,#66,#67,25.2,0,58.3,"{'Ancient': '50.0', 'Anubis': None, 'Dust2': '53.3', 'Inferno': '66.7', 'Mirage': '36.4', 'Nuke': '68.2', 'Overpass': '100.0', 'Train': None, 'Vertigo': None}",https://www.hltv.org/coach/5206/carnage,"['https://www.hltv.org/player/15072/nin9', 'https://www.hltv.org/player/18638/sk0r', 'https://www.hltv.org/player/19957/bart4k', 'https://www.hltv.org/player/20703/xerolte', 'https://www.hltv.org/player/21398/controlez']"
HAVU,Finland,#83,#135,23.5,0,37.8,"{'Ancient': None, 'Anubis': '75.0', 'Dust2': '20.0', 'Inferno': '33.3', 'Mirage': '47.6', 'Nuke': '58.6', 'Overpass': '37.5', 'Train': None, 'Vertigo': None}",https://www.hltv.org/coach/15718/peku,"['https://www.hltv.org/player/9818/uli', 'https://www.hltv.org/player/21963/alxc', 'https://www.hltv.org/player/22143/p3kko', 'https://www.hltv.org/player/22144/puuha', 'https://www.hltv.org/player/22211/ottob']"
BountyHunters,Brazil,#68,#90,24.1,2,58.0,"{'Ancient': '66.7', 'Anubis': '33.3', 'Dust2': '40.0', 'Inferno': None, 'Mirage': '63.0', 'Nuke': '65.5', 'Overpass': '33.3', 'Train': None, 'Vertigo': None}",https://www.hltv.org/coach/21098/gusihx,"['https://www.hltv.org/player/16835/ponter', 'https://www.hltv.org/player/18322/kaiser', 'https://www.hltv.org/player/20690/zock', 'https://www.hltv.org/player/20885/freq', 'https://www.hltv.org/player/23461/pepe']"
FakedoBiru,Brazil,#85,#104,28.1,1,57.1,"{'Ancient': None, 'Anubis': '16.7', 'Dust2': '64.7', 'Inferno': '46.7', 'Mirage': '55.6', 'Nuke': '40.0', 'Overpass': '60.0', 'Train': None, 'Vertigo': None}",,"['https://www.hltv.org/player/6593/pkl', 'https://www.hltv.org/player/14394/tuurtle', 'https://www.hltv.org/player/16817/hardzao', 'https://www.hltv.org/player/18610/detr0ittj', 'https://www.hltv.org/player/19972/ckzao']"
NuclearTigeRES,Russia,#70,#52,20.0,0,59.5,"{'Ancient': '62.5', 'Anubis': '71.4', 'Dust2': '61.1', 'Inferno': '57.1', 'Mirage': '37.5', 'Nuke': '30.8', 'Overpass': None, 'Train': None, 'Vertigo': None}",https://www.hltv.org/coach/16946/polt,"['https://www.hltv.org/player/22878/senka', 'https://www.hltv.org/player/22880/m1quse', 'https://www.hltv.org/player/23762/z1k4', 'https://www.hltv.org/player/24568/flouzer', 'https://www.hltv.org/player/25807/ayuki']"
SemperFi,Australia,#87,#87,23.2,0,61.5,"{'Ancient': '50.0', 'Anubis': '40.0', 'Dust2': '50.0', 'Inferno': '45.5', 'Mirage': '81.2', 'Nuke': '50.0', 'Overpass': '100.0', 'Train': None, 'Vertigo': None}",https://www.hltv.org/coach/17/zyppe,"['https://www.hltv.org/player/14294/hazr', 'https://www.hltv.org/player/14990/keen', 'https://www.hltv.org/player/20003/shadiy', 'https://www.hltv.org/player/20244/savage', 'https://www.hltv.org/player/20881/sliimey']"
EternalFire,Europe,#72,#58,24.7,2,61.5,"{'Ancient': '53.3', 'Anubis': '62.5', 'Dust2': '65.2', 'Inferno': '60.0', 'Mirage': '57.1', 'Nuke': None, 'Overpass': '40.0', 'Train': None, 'Vertigo': None}",,"['https://www.hltv.org/player/12708/rigon', 'https://www.hltv.org/player/16811/mistem', 'https://www.hltv.org/player/19733/demqq', 'https://www.hltv.org/player/20123/regali', 'https://www.hltv.org/player/22361/jottaaa']"
LAG,United States,#89,#134,26.5,0,62.2,"{'Ancient': '66.7', 'Anubis': '25.0', 'Dust2': '68.8', 'Inferno': '68.8', 'Mirage': '58.3', 'Nuke': '63.6', 'Overpass': '37.5', 'Train': None, 'Vertigo': None}",https://www.hltv.org/coach/24327/aureo,"['https://www.hltv.org/player/12102/djay', 'https://www.hltv.org/player/15176/cryptic', 'https://www.hltv.org/player/19177/consti', 'https://www.hltv.org/player/20572/kmrn', 'https://www.hltv.org/player/22552/sandman']"
ASTRAL,Europe,#91,#112,21.9,0,50.0,"{'Ancient': '50.0', 'Anubis': '47.4', 'Dust2': '61.5', 'Inferno': '23.5', 'Mirage': '52.9', 'Nuke': '42.3', 'Overpass': None, 'Train': None, 'Vertigo': None}",https://www.hltv.org/coach/21215/tooi,"['https://www.hltv.org/player/19725/gxx', 'https://www.hltv.org/player/22008/swiz', 'https://www.hltv.org/player/23545/ray5ive', 'https://www.hltv.org/player/24704/neqy', 'https://www.hltv.org/player/24997/meowpop']"
Marsborne,United States,#74,#144,21.4,0,57.1,"{'Ancient': '50.0', 'Anubis': '100.0', 'Dust2': '0.0', 'Inferno': '50.0', 'Mirage': '50.0', 'Nuke': None, 'Overpass': '50.0', 'Train': None, 'Vertigo': None}",https://www.hltv.org/coach/21722/lucid,"['https://www.hltv.org/player/18706/freshie', 'https://www.hltv.org/player/22069/grizz', 'https://www.hltv.org/player/22967/ogwizard', 'https://www.hltv.org/player/24890/marekiew', 'https://www.hltv.org/player/25524/wumbo']"
AM,Europe,#93,#71,23.6,1,56.8,"{'Ancient': '46.2', 'Anubis': '33.3', 'Dust2': '52.2', 'Inferno': '77.8', 'Mirage': '54.5', 'Nuke': '40.0', 'Overpass': '83.3', 'Train': None, 'Vertigo': None}",https://www.hltv.org/coach/330/musamban1,"['https://www.hltv.org/player/12781/k1to', 'https://www.hltv.org/player/16705/altekz', 'https://www.hltv.org/player/20170/kyuubii', 'https://www.hltv.org/player/21164/l00m1', 'https://www.hltv.org/player/21233/myltsi']"
AaB,Denmark,#76,#72,21.6,0,59.1,"{'Ancient': '63.6', 'Anubis': '45.5', 'Dust2': '0.0', 'Inferno': '50.0', 'Mirage': '53.8', 'Nuke': '36.4', 'Overpass': '65.4', 'Train': None, 'Vertigo': None}",,"['https://www.hltv.org/player/16753/n1xen', 'https://www.hltv.org/player/20033/maze', 'https://www.hltv.org/player/22948/anber', 'https://www.hltv.org/player/24113/ssen', 'https://www.hltv.org/player/24425/bekker']"
Metizport,Europe,#95,#92,25.7,4,60.0,"{'Ancient': '60.0', 'Anubis': None, 'Dust2': '44.4', 'Inferno': '61.5', 'Mirage': '37.5', 'Nuke': '76.5', 'Overpass': '58.8', 'Train': None, 'Vertigo': None}",https://www.hltv.org/coach/20619/vins,"['https://www.hltv.org/player/8507/stanislaw', 'https://www.hltv.org/player/14218/plopski', 'https://www.hltv.org/player/17937/isak', 'https://www.hltv.org/player/19044/f1ku', 'https://www.hltv.org/player/19069/forsyy']"
5star,Mongolia,#97,#61,25.4,2,65.2,"{'Ancient': '44.4', 'Anubis': '50.0', 'Dust2': '40.0', 'Inferno': '72.7', 'Mirage': '100.0', 'Nuke': '61.1', 'Overpass': '50.0', 'Train': None, 'Vertigo': None}",https://www.hltv.org/coach/15062/shinobi,"['https://www.hltv.org/player/15060/neuz', 'https://www.hltv.org/player/15861/rate', 'https://www.hltv.org/player/18150/clouden', 'https://www.hltv.org/player/21396/ariucle', 'https://www.hltv.org/player/24303/hoolig4n']"
JiJieHao,Asia,#78,#47,25.2,4,72.7,"{'Ancient': '57.1', 'Anubis': '50.0', 'Dust2': '77.8', 'Inferno': '100.0', 'Mirage': '66.7', 'Nuke': '0.0', 'Overpass': '66.7', 'Train': None, 'Vertigo': None}",https://www.hltv.org/coach/3769/mithr,"['https://www.hltv.org/player/17675/m1n1', 'https://www.hltv.org/player/18120/sinnopsyy', 'https://www.hltv.org/player/18163/bibu', 'https://www.hltv.org/player/18790/cacanito', 'https://www.hltv.org/player/22419/0samas']"
WAZABI,Denmark,#99,#130,21.7,0,46.2,"{'Ancient': '33.3', 'Anubis': '40.0', 'Dust2': '33.3', 'Inferno': '66.7', 'Mirage': None, 'Nuke': '50.0', 'Overpass': '33.3', 'Train': None, 'Vertigo': None}",https://www.hltv.org/coach/2391/wezx,"['https://www.hltv.org/player/22875/virez', 'https://www.hltv.org/player/24277/m0vski', 'https://www.hltv.org/player/24737/laykinn', 'https://www.hltv.org/player/24989/bangbang', 'https://www.hltv.org/player/24991/bach']"
Ursa,Russia,#80,#101,,0,60.0,"{'Ancient': '0.0', 'Anubis': '75.0', 'Dust2': '72.5', 'Inferno': '54.5', 'Mirage': '57.7', 'Nuke': '38.2', 'Overpass': '33.3', 'Train': None, 'Vertigo': None}",https://www.hltv.org/coach/12269/jyo,"['https://www.hltv.org/player/21513/4x1s', 'https://www.hltv.org/player/22676/karnez', 'https://www.hltv.org/player/23764/alv', 'https://www.hltv.org/player/25349/salazar']"
WW,Russia,#82,#73,23.3,1,60.0,"{'Ancient': None, 'Anubis': '33.3', 'Dust2': '63.4', 'Inferno': '38.5', 'Mirage': '69.0', 'Nuke': '56.5', 'Overpass': '64.3', 'Train': None, 'Vertigo': None}",,"['https://www.hltv.org/player/20113/deko', 'https://www.hltv.org/player/21690/strogo', 'https://www.hltv.org/player/22350/ct0m', 'https://www.hltv.org/player/23048/kelien', 'https://www.hltv.org/player/23682/m3wsu']"
PsychoFace,Russia,#84,#100,24.1,0,50.0,"{'Ancient': '50.0', 'Anubis': '66.7', 'Dust2': '33.3', 'Inferno': None, 'Mirage': '100.0', 'Nuke': '0.0', 'Overpass': '100.0', 'Train': None, 'Vertigo': None}",https://www.hltv.org/coach/25412/pradiggg,"['https://www.hltv.org/player/8726/facecrack', 'https://www.hltv.org/player/20883/eightz999', 'https://www.hltv.org/player/21445/abiraju', 'https://www.hltv.org/player/23835/psychodoctor', 'https://www.hltv.org/player/24807/slaxejezzz']"
TDK,Russia,#86,#59,,1,72.3,"{'Ancient': '61.1', 'Anubis': '78.9', 'Dust2': '68.2', 'Inferno': '37.5', 'Mirage': '58.8', 'Nuke': None, 'Overpass': '77.8', 'Train': None, 'Vertigo': None}",https://www.hltv.org/coach/1775/groove,"['https://www.hltv.org/player/16555/ax1le', 'https://www.hltv.org/player/16921/nafany', 'https://www.hltv.org/player/18510/sugar', 'https://www.hltv.org/player/20387/xant3r']"
Phantom,Poland,#88,#105,23.8,0,48.0,"{'Ancient': '43.3', 'Anubis': '40.0', 'Dust2': '48.0', 'Inferno': None, 'Mirage': '52.9', 'Nuke': '54.8', 'Overpass': '50.0', 'Train': None, 'Vertigo': None}",https://www.hltv.org/coach/9798/lunatic,"['https://www.hltv.org/player/11995/tmb', 'https://www.hltv.org/player/17504/kei', 'https://www.hltv.org/player/19114/kylar', 'https://www.hltv.org/player/20413/mwlky', 'https://www.hltv.org/player/25104/kunai']"
Fluxo,Brazil,#90,#82,,0,48.1,"{'Ancient': '33.3', 'Anubis': '40.0', 'Dust2': '64.3', 'Inferno': '44.4', 'Mirage': '50.0', 'Nuke': '43.8', 'Overpass': None, 'Train': None, 'Vertigo': None}",https://www.hltv.org/coach/20682/juve,"['https://www.hltv.org/player/11154/exit', 'https://www.hltv.org/player/18717/lucaozy', 'https://www.hltv.org/player/19692/zevy']"
ChinggisWarriors,Mongolia,#92,#80,22.6,0,53.2,"{'Ancient': '64.3', 'Anubis': None, 'Dust2': '46.2', 'Inferno': '36.8', 'Mirage': '53.3', 'Nuke': '57.6', 'Overpass': '42.9', 'Train': None, 'Vertigo': None}",https://www.hltv.org/coach/19828/redka,"['https://www.hltv.org/player/12956/hasteka', 'https://www.hltv.org/player/19229/roux', 'https://www.hltv.org/player/19536/yami', 'https://www.hltv.org/player/22414/efire', 'https://www.hltv.org/player/25510/tikuak']"
FalconsForce,Europe,#94,#152,18.6,0,30.0,"{'Ancient': '33.3', 'Anubis': '100.0', 'Dust2': None, 'Inferno': '28.6', 'Mirage': '33.3', 'Nuke': '0.0', 'Overpass': None, 'Train': None, 'Vertigo': None}",https://www.hltv.org/coach/9294/natosaphix,"['https://www.hltv.org/player/22048/tapewaare', 'https://www.hltv.org/player/25095/veno', 'https://www.hltv.org/player/25332/grecu', 'https://www.hltv.org/player/25430/clockzi', 'https://www.hltv.org/player/25432/nucleonz']"
Betclic,Poland,#96,#89,24.2,0,46.7,"{'Ancient': '50.0', 'Anubis': '73.3', 'Dust2': '66.7', 'Inferno': '0.0', 'Mirage': '20.0', 'Nuke': '50.0', 'Overpass': '11.1', 'Train': None, 'Vertigo': None}",https://www.hltv.org/coach/20092/bogdan,"['https://www.hltv.org/player/16848/hades', 'https://www.hltv.org/player/18070/demho', 'https://www.hltv.org/player/18979/prism', 'https://www.hltv.org/player/25307/eskyy', 'https://www.hltv.org/player/25542/dr3nquu']"
RareAtom,China,#98,#102,22.6,0,53.3,"{'Ancient': '68.8', 'Anubis': '33.3', 'Dust2': '54.5', 'Inferno': '54.5', 'Mirage': '35.7', 'Nuke': None, 'Overpass': '33.3', 'Train': None, 'Vertigo': None}",https://www.hltv.org/coach/8598/marek,"['https://www.hltv.org/player/7028/summer', 'https://www.hltv.org/player/21825/l1hang', 'https://www.hltv.org/player/24304/chengking', 'https://www.hltv.org/player/24306/3gl', 'https://www.hltv.org/player/24748/trash']"
YoungNinjas,Europe,#100,#131,,0,65.2,"{'Ancient': '40.0', 'Anubis': '16.7', 'Dust2': '71.4', 'Inferno': None, 'Mirage': '66.7', 'Nuke': '75.0', 'Overpass': '70.0', 'Train': None, 'Vertigo': None}",https://www.hltv.org/coach/8398/zitte,"['https://www.hltv.org/player/21512/rud', 'https://www.hltv.org/player/22035/n0te', 'https://www.hltv.org/player/24734/tein', 'https://www.hltv.org/player/24911/joeski']"
